{"cameraMode":{"drawMode":0,"name":"Shaded","section":"Shading Mode"},"sceneLighting":false,"audioPlay":false,"sceneViewState":{"showFog":true,"showMaterialUpdate":false,"showSkybox":false,"showFlares":true,"showImageEffects":true,"showParticleSystems":true},"in2DMode":false,"pivot":{"x":-0.5850586891174316,"y":4.997476100921631,"z":0.020524978637695314},"rotation":{"x":0.10317754745483399,"y":0.44875064492225649,"z":-0.05208931490778923,"w":0.8864563703536987},"size":7.446204662322998,"orthographic":false}