{"cameraMode":{"drawMode":0,"name":"Shaded","section":"Shading Mode"},"sceneLighting":false,"audioPlay":false,"sceneViewState":{"showFog":true,"showMaterialUpdate":false,"showSkybox":false,"showFlares":true,"showImageEffects":true,"showParticleSystems":true},"in2DMode":false,"pivot":{"x":4.940227031707764,"y":-1.8504853248596192,"z":-0.27006348967552187},"rotation":{"x":-0.11052847653627396,"y":0.35870423913002016,"z":-0.04282375052571297,"w":-0.9259344935417175},"size":1.7660253047943116,"orthographic":false}